ForecastId,Confirmed,Fatalities
1,2,0
2,1,0
3,4,0
4,1,0
5,0,0
6,5,0
7,0,0
8,444,17
9,4,0
10,0,0
11,1,0
12,2,0
13,89,17
14,96,17
15,102,17
16,108,17
17,114,17
18,121,17
19,127,17
20,133,17
21,139,17
22,146,17
23,152,17
24,158,17
25,164,17
26,171,17
27,177,17
28,183,17
29,189,17
30,196,17
31,202,17
32,208,17
33,214,17
34,221,17
35,227,17
36,233,17
37,239,17
38,246,17
39,252,17
40,258,17
41,265,17
42,271,17
43,277,17
44,0,0
45,0,0
46,0,0
47,0,0
48,0,0
49,0,0
50,0,0
51,0,0
52,0,0
53,0,0
54,0,0
55,0,0
56,7,0
57,7,0
58,8,0
59,8,0
60,9,0
61,9,0
62,10,0
63,10,0
64,11,0
65,11,0
66,12,0
67,12,0
68,13,0
69,14,0
70,14,0
71,15,0
72,15,0
73,16,0
74,16,0
75,17,0
76,17,0
77,18,0
78,18,0
79,19,0
80,19,0
81,20,0
82,20,0
83,21,0
84,22,0
85,22,0
86,23,0
87,0,0
88,0,0
89,0,0
90,0,0
91,0,0
92,0,0
93,0,0
94,0,0
95,0,0
96,0,0
97,0,0
98,0,0
99,0,0
100,-1,0
101,-2,0
102,-3,0
103,-4,0
104,-5,0
105,-6,0
106,-7,0
107,-8,0
108,-9,0
109,-10,0
110,-11,0
111,-12,0
112,-13,0
113,-14,0
114,-15,0
115,-16,0
116,-17,0
117,-18,0
118,-19,0
119,-20,0
120,-21,0
121,-22,0
122,-23,0
123,-24,0
124,-25,0
125,-26,0
126,-27,0
127,-28,0
128,-29,0
129,-30,0
130,0,0
131,0,0
132,0,0
133,0,0
134,0,0
135,0,0
136,0,0
137,0,0
138,0,0
139,0,0
140,0,0
141,0,0
142,1,0
143,1,0
144,1,0
145,1,0
146,1,0
147,1,0
148,1,0
149,1,0
150,1,0
151,1,0
152,1,0
153,1,0
154,1,0
155,1,0
156,1,0
157,1,0
158,1,0
159,1,0
160,1,0
161,1,0
162,1,0
163,1,0
164,1,0
165,1,0
166,1,0
167,1,0
168,1,0
169,1,0
170,1,0
171,1,0
172,1,0
173,0,0
174,3,0
175,6,0
176,16,0
177,1,0
178,8,0
179,4,0
180,0,0
181,2,0
182,2,0
183,27,0
184,0,0
185,14,48
186,14,64
187,13,80
188,13,96
189,13,112
190,12,128
191,12,144
192,11,160
193,11,176
194,11,192
195,10,208
196,10,224
197,9,240
198,9,256
199,9,272
200,8,288
201,8,304
202,7,320
203,7,336
204,7,352
205,6,368
206,6,384
207,5,400
208,5,416
209,5,432
210,4,448
211,4,464
212,3,480
213,3,496
214,3,512
215,2,528
216,0,0
217,2,0
218,0,0
219,0,0
220,0,0
221,1,0
222,0,0
223,0,0
224,0,0
225,0,0
226,0,0
227,0,0
228,0,0
229,-1,0
230,-2,0
231,-3,0
232,-4,0
233,-5,0
234,-6,0
235,-7,0
236,-8,0
237,-9,0
238,-10,0
239,-11,0
240,-12,0
241,-13,0
242,-14,0
243,-15,0
244,-16,0
245,-17,0
246,-18,0
247,-19,0
248,-20,0
249,-21,0
250,-22,0
251,-23,0
252,-24,0
253,-25,0
254,-26,0
255,-27,0
256,-28,0
257,-29,0
258,-30,0
259,0,0
260,0,0
261,1,0
262,0,0
263,3,0
264,0,0
265,0,0
266,0,0
267,0,0
268,0,0
269,0,0
270,0,0
271,4,0
272,5,0
273,6,0
274,7,0
275,8,0
276,9,0
277,10,0
278,11,0
279,12,0
280,13,0
281,14,0
282,15,0
283,16,0
284,17,0
285,18,0
286,19,0
287,20,0
288,21,0
289,22,0
290,23,0
291,24,0
292,25,0
293,26,0
294,27,0
295,28,0
296,29,0
297,30,0
298,31,0
299,32,0
300,33,0
301,34,0
302,0,0
303,0,0
304,0,0
305,0,0
306,0,0
307,0,0
308,0,0
309,0,0
310,0,0
311,0,0
312,0,0
313,0,0
314,3,0
315,4,0
316,5,0
317,6,0
318,7,0
319,8,0
320,9,0
321,10,0
322,11,0
323,12,0
324,13,0
325,14,0
326,15,0
327,16,0
328,17,0
329,18,0
330,19,0
331,20,0
332,21,0
333,22,0
334,23,0
335,24,0
336,25,0
337,26,0
338,27,0
339,28,0
340,29,0
341,30,0
342,31,0
343,32,0
344,33,0
345,0,0
346,0,0
347,0,0
348,0,0
349,0,0
350,0,0
351,0,0
352,0,0
353,0,0
354,0,0
355,0,0
356,0,0
357,17,43
358,16,54
359,15,66
360,15,77
361,14,89
362,13,100
363,13,112
364,12,123
365,11,135
366,10,146
367,10,158
368,9,169
369,8,181
370,7,192
371,7,204
372,6,215
373,5,227
374,5,238
375,4,250
376,3,261
377,2,273
378,2,284
379,1,296
380,0,307
381,0,319
382,0,330
383,-1,342
384,-2,353
385,-2,365
386,-3,376
387,-4,388
388,0,0
389,0,0
390,0,0
391,0,0
392,0,0
393,0,0
394,0,0
395,0,0
396,0,0
397,0,0
398,0,0
399,0,0
400,2,0
401,2,0
402,2,0
403,2,0
404,2,0
405,2,0
406,2,0
407,2,0
408,2,0
409,2,0
410,2,0
411,2,0
412,2,0
413,2,0
414,2,0
415,2,0
416,2,0
417,2,0
418,2,0
419,2,0
420,2,0
421,2,0
422,2,0
423,2,0
424,2,0
425,2,0
426,2,0
427,2,0
428,2,0
429,2,0
430,2,0
431,0,0
432,0,0
433,0,0
434,0,0
435,2,0
436,0,0
437,0,0
438,2,0
439,0,0
440,0,0
441,0,0
442,0,0
443,1,0
444,1,0
445,1,0
446,0,0
447,0,0
448,0,0
449,0,0
450,0,0
451,0,0
452,0,0
453,-1,0
454,-1,0
455,-1,0
456,-2,0
457,-2,0
458,-2,0
459,-3,0
460,-3,0
461,-3,0
462,-3,0
463,-4,0
464,-4,0
465,-4,0
466,-5,0
467,-5,0
468,-5,0
469,-6,0
470,-6,0
471,-6,0
472,-6,0
473,-7,0
474,0,0
475,0,0
476,0,0
477,0,0
478,0,0
479,0,0
480,0,0
481,0,0
482,0,0
483,0,0
484,0,0
485,0,0
486,0,0
487,0,0
488,0,0
489,0,0
490,0,0
491,0,0
492,0,0
493,0,0
494,0,0
495,0,0
496,0,0
497,0,0
498,0,0
499,0,0
500,0,0
501,0,0
502,0,0
503,0,0
504,0,0
505,0,0
506,0,0
507,0,0
508,0,0
509,0,0
510,0,0
511,0,0
512,0,0
513,0,0
514,0,0
515,0,0
516,0,0
517,0,0
518,0,0
519,0,0
520,0,0
521,0,0
522,0,0
523,0,0
524,0,0
525,0,0
526,0,0
527,0,0
528,0,0
529,23,72
530,22,91
531,20,111
532,19,130
533,18,150
534,17,169
535,16,189
536,14,208
537,13,228
538,12,247
539,11,267
540,10,286
541,9,306
542,7,325
543,6,345
544,5,364
545,4,384
546,3,403
547,1,423
548,0,442
549,0,462
550,-1,481
551,-2,501
552,-3,520
553,-5,540
554,-6,559
555,-7,579
556,-8,598
557,-9,618
558,-11,637
559,-12,657
560,0,0
561,0,0
562,0,0
563,0,0
564,0,0
565,0,0
566,0,0
567,0,0
568,0,0
569,0,0
570,0,0
571,0,0
572,0,0
573,0,0
574,0,0
575,0,0
576,0,0
577,0,0
578,0,0
579,-1,0
580,-1,0
581,-1,0
582,-2,0
583,-2,0
584,-2,0
585,-2,0
586,-3,0
587,-3,0
588,-3,0
589,-4,0
590,-4,0
591,-4,0
592,-5,0
593,-5,0
594,-5,0
595,-5,0
596,-6,0
597,-6,0
598,-6,0
599,-7,0
600,-7,0
601,-7,0
602,-8,0
603,0,0
604,0,0
605,0,0
606,0,0
607,0,0
608,0,0
609,0,0
610,0,0
611,0,0
612,0,0
613,0,0
614,0,0
615,2,0
616,1,0
617,1,0
618,1,0
619,0,0
620,0,0
621,0,0
622,0,0
623,0,0
624,0,0
625,0,0
626,-1,0
627,-1,0
628,-1,0
629,-2,0
630,-2,0
631,-2,0
632,-2,0
633,-3,0
634,-3,0
635,-3,0
636,-4,0
637,-4,0
638,-4,0
639,-5,0
640,-5,0
641,-5,0
642,-5,0
643,-6,0
644,-6,0
645,-6,0
646,35,0
647,7,0
648,111,0
649,36,0
650,5,0
651,22,0
652,13,1
653,15,1
654,83,1
655,8,0
656,1058,52
657,69,0
658,269,67
659,285,82
660,302,97
661,319,113
662,336,128
663,352,143
664,369,159
665,386,174
666,403,189
667,420,205
668,436,220
669,453,235
670,470,250
671,487,266
672,503,281
673,520,296
674,537,312
675,554,327
676,571,342
677,587,358
678,604,373
679,621,388
680,638,403
681,655,419
682,671,434
683,688,449
684,705,465
685,722,480
686,738,495
687,755,511
688,772,526
689,0,0
690,0,0
691,0,0
692,0,0
693,0,0
694,0,0
695,0,0
696,0,0
697,0,0
698,0,0
699,0,0
700,0,0
701,35,1
702,36,1
703,37,1
704,38,1
705,39,1
706,40,1
707,41,1
708,43,1
709,44,1
710,45,1
711,46,1
712,47,1
713,48,1
714,49,1
715,51,1
716,52,1
717,53,1
718,54,1
719,55,1
720,56,1
721,57,1
722,59,1
723,60,1
724,61,1
725,62,1
726,63,1
727,64,1
728,66,1
729,67,1
730,68,1
731,69,1
732,0,0
733,0,0
734,0,0
735,0,0
736,0,0
737,0,0
738,0,0
739,0,0
740,0,0
741,0,0
742,4,0
743,0,0
744,2,0
745,2,0
746,2,0
747,1,0
748,1,0
749,1,0
750,1,0
751,0,0
752,0,0
753,0,0
754,0,0
755,0,0
756,0,0
757,0,0
758,0,0
759,0,0
760,0,0
761,-1,0
762,-1,0
763,-1,0
764,-1,0
765,-1,0
766,-2,0
767,-2,0
768,-2,0
769,-2,0
770,-2,0
771,-3,0
772,-3,0
773,-3,0
774,-3,0
775,0,0
776,0,0
777,0,0
778,0,0
779,0,0
780,0,0
781,0,0
782,0,0
783,4,0
784,0,0
785,0,0
786,0,0
787,2,0
788,1,0
789,0,0
790,0,0
791,0,0
792,0,0
793,-1,0
794,-2,0
795,-2,0
796,-3,0
797,-3,0
798,-4,0
799,-5,0
800,-5,0
801,-6,0
802,-6,0
803,-7,0
804,-8,0
805,-8,0
806,-9,0
807,-9,0
808,-10,0
809,-11,0
810,-11,0
811,-12,0
812,-12,0
813,-13,0
814,-14,0
815,-14,0
816,-15,0
817,-15,0
818,27,0
819,6,0
820,7,0
821,6,0
822,35,0
823,75,0
824,53,1
825,13,0
826,69,0
827,23,0
828,0,0
829,5,0
830,72,38
831,71,43
832,71,49
833,70,54
834,70,59
835,69,65
836,68,70
837,68,76
838,67,81
839,67,86
840,66,92
841,66,97
842,65,102
843,64,108
844,64,113
845,63,118
846,63,124
847,62,129
848,62,134
849,61,140
850,60,145
851,60,151
852,59,156
853,59,161
854,58,167
855,58,172
856,57,177
857,56,183
858,56,188
859,55,193
860,55,199
861,0,0
862,0,0
863,0,0
864,0,0
865,4,0
866,0,0
867,0,0
868,0,0
869,4,0
870,0,0
871,0,0
872,0,0
873,-34,0
874,-48,0
875,-62,0
876,-76,0
877,-89,0
878,-103,0
879,-117,0
880,-131,0
881,-145,0
882,-159,0
883,-172,0
884,-186,0
885,-200,0
886,-214,0
887,-228,0
888,-241,0
889,-255,0
890,-269,0
891,-283,0
892,-297,0
893,-311,0
894,-324,0
895,-338,0
896,-352,0
897,-366,0
898,-380,0
899,-394,0
900,-407,0
901,-421,0
902,-435,0
903,-449,0
904,1,0
905,0,0
906,0,0
907,0,0
908,0,0
909,5,0
910,0,0
911,8,0
912,0,0
913,0,0
914,0,0
915,0,0
916,7,0
917,8,0
918,9,0
919,10,0
920,10,0
921,11,0
922,12,0
923,13,0
924,14,0
925,14,0
926,15,0
927,16,0
928,17,0
929,18,0
930,18,0
931,19,0
932,20,0
933,21,0
934,22,0
935,22,0
936,23,0
937,24,0
938,25,0
939,26,0
940,26,0
941,27,0
942,28,0
943,29,0
944,30,0
945,30,0
946,31,0
947,0,0
948,0,0
949,0,0
950,0,0
951,0,0
952,0,0
953,0,0
954,0,0
955,0,0
956,0,0
957,0,0
958,0,0
959,0,0
960,-1,0
961,-2,0
962,-3,0
963,-4,0
964,-5,0
965,-6,0
966,-7,0
967,-8,0
968,-9,0
969,-10,0
970,-11,0
971,-12,0
972,-13,0
973,-14,0
974,-15,0
975,-16,0
976,-17,0
977,-18,0
978,-19,0
979,-20,0
980,-21,0
981,-22,0
982,-23,0
983,-24,0
984,-25,0
985,-26,0
986,-27,0
987,-28,0
988,-29,0
989,-30,0
990,0,0
991,0,0
992,0,0
993,0,0
994,0,0
995,0,0
996,0,0
997,0,0
998,0,0
999,0,0
1000,0,0
1001,0,0
1002,137,63
1003,136,71
1004,135,80
1005,134,89
1006,133,98
1007,132,107
1008,131,116
1009,130,125
1010,129,133
1011,128,142
1012,127,151
1013,125,160
1014,124,169
1015,123,178
1016,122,187
1017,121,195
1018,120,204
1019,119,213
1020,118,222
1021,117,231
1022,116,240
1023,115,249
1024,114,257
1025,113,266
1026,112,275
1027,111,284
1028,110,293
1029,109,302
1030,108,311
1031,107,319
1032,106,328
1033,0,0
1034,0,0
1035,4,0
1036,0,0
1037,0,0
1038,0,0
1039,0,0
1040,0,0
1041,0,0
1042,0,0
1043,0,0
1044,0,0
1045,4,0
1046,4,0
1047,4,0
1048,4,0
1049,4,0
1050,4,0
1051,4,0
1052,4,0
1053,4,0
1054,4,0
1055,4,0
1056,4,0
1057,4,0
1058,4,0
1059,4,0
1060,4,0
1061,4,0
1062,4,0
1063,4,0
1064,4,0
1065,4,0
1066,4,0
1067,4,0
1068,4,0
1069,4,0
1070,4,0
1071,4,0
1072,4,0
1073,4,0
1074,4,0
1075,4,0
1076,0,0
1077,0,0
1078,0,0
1079,0,0
1080,0,0
1081,0,0
1082,0,0
1083,5,0
1084,0,0
1085,0,0
1086,2,0
1087,0,0
1088,7,0
1089,8,0
1090,8,0
1091,8,0
1092,9,0
1093,9,0
1094,10,0
1095,10,0
1096,11,0
1097,11,0
1098,11,0
1099,12,0
1100,12,0
1101,13,0
1102,13,0
1103,14,0
1104,14,0
1105,14,0
1106,15,0
1107,15,0
1108,16,0
1109,16,0
1110,17,0
1111,17,0
1112,17,0
1113,18,0
1114,18,0
1115,19,0
1116,19,0
1117,20,0
1118,20,0
1119,1,0
1120,0,0
1121,0,0
1122,1,0
1123,0,0
1124,0,0
1125,0,0
1126,0,0
1127,0,0
1128,1,0
1129,0,0
1130,0,0
1131,0,0
1132,0,0
1133,-1,0
1134,-1,0
1135,-2,0
1136,-2,0
1137,-3,0
1138,-3,0
1139,-3,0
1140,-4,0
1141,-4,0
1142,-5,0
1143,-5,0
1144,-6,0
1145,-6,0
1146,-6,0
1147,-7,0
1148,-7,0
1149,-8,0
1150,-8,0
1151,-9,0
1152,-9,0
1153,-9,0
1154,-10,0
1155,-10,0
1156,-11,0
1157,-11,0
1158,-12,0
1159,-12,0
1160,-12,0
1161,-13,0
1162,0,0
1163,0,0
1164,0,0
1165,0,0
1166,0,0
1167,0,0
1168,1,0
1169,0,0
1170,0,0
1171,0,0
1172,0,0
1173,0,0
1174,97,41
1175,92,45
1176,87,49
1177,82,54
1178,77,58
1179,73,63
1180,68,67
1181,63,72
1182,58,76
1183,53,81
1184,48,85
1185,43,89
1186,39,94
1187,34,98
1188,29,103
1189,24,107
1190,19,112
1191,14,116
1192,10,120
1193,5,125
1194,0,129
1195,-4,134
1196,-9,138
1197,-14,143
1198,-19,147
1199,-23,152
1200,-28,156
1201,-33,160
1202,-38,165
1203,-43,169
1204,-48,174
1205,0,0
1206,0,0
1207,0,0
1208,0,0
1209,0,0
1210,0,0
1211,0,0
1212,0,0
1213,0,0
1214,0,0
1215,0,0
1216,0,0
1217,2,0
1218,2,0
1219,2,0
1220,1,0
1221,1,0
1222,0,0
1223,0,0
1224,0,0
1225,0,0
1226,0,0
1227,-1,0
1228,-1,0
1229,-1,0
1230,-2,0
1231,-2,0
1232,-3,0
1233,-3,0
1234,-3,0
1235,-4,0
1236,-4,0
1237,-5,0
1238,-5,0
1239,-5,0
1240,-6,0
1241,-6,0
1242,-7,0
1243,-7,0
1244,-7,0
1245,-8,0
1246,-8,0
1247,-9,0
1248,0,0
1249,0,0
1250,0,0
1251,0,0
1252,0,0
1253,0,0
1254,0,0
1255,0,0
1256,0,0
1257,0,0
1258,0,0
1259,0,0
1260,3,0
1261,3,0
1262,3,0
1263,2,0
1264,2,0
1265,1,0
1266,1,0
1267,1,0
1268,0,0
1269,0,0
1270,0,0
1271,0,0
1272,0,0
1273,-1,0
1274,-1,0
1275,-2,0
1276,-2,0
1277,-2,0
1278,-3,0
1279,-3,0
1280,-3,0
1281,-4,0
1282,-4,0
1283,-5,0
1284,-5,0
1285,-5,0
1286,-6,0
1287,-6,0
1288,-7,0
1289,-7,0
1290,-7,0
1291,200,0
1292,114,1
1293,182,0
1294,101,0
1295,26,0
1296,354,0
1297,78,0
1298,12,0
1299,46,1
1300,65,1
1301,44,2
1302,278,2
1303,166,2
1304,174,2
1305,182,3
1306,190,3
1307,198,3
1308,206,4
1309,214,4
1310,222,4
1311,230,5
1312,237,5
1313,245,5
1314,253,5
1315,261,6
1316,269,6
1317,277,6
1318,285,7
1319,293,7
1320,301,7
1321,309,8
1322,316,8
1323,324,8
1324,332,8
1325,340,9
1326,348,9
1327,356,9
1328,364,10
1329,372,10
1330,380,10
1331,387,11
1332,395,11
1333,403,11
1334,5,0
1335,0,0
1336,0,0
1337,0,0
1338,4,0
1339,0,0
1340,0,0
1341,0,0
1342,0,0
1343,0,0
1344,0,0
1345,0,0
1346,-326,-186
1347,-371,-267
1348,-416,-347
1349,-460,-428
1350,-505,-508
1351,-550,-589
1352,-595,-669
1353,-639,-750
1354,-684,-830
1355,-729,-911
1356,-774,-991
1357,-818,-1072
1358,-863,-1152
1359,-908,-1233
1360,-953,-1313
1361,-997,-1394
1362,-1042,-1474
1363,-1087,-1555
1364,-1131,-1635
1365,-1176,-1716
1366,-1221,-1796
1367,-1266,-1877
1368,-1310,-1957
1369,-1355,-2038
1370,-1400,-2118
1371,-1445,-2199
1372,-1489,-2279
1373,-1534,-2360
1374,-1579,-2440
1375,-1624,-2521
1376,-1668,-2601
1377,0,0
1378,0,0
1379,0,0
1380,0,0
1381,0,0
1382,0,0
1383,0,0
1384,0,0
1385,0,0
1386,0,0
1387,0,0
1388,0,0
1389,0,0
1390,0,0
1391,0,0
1392,-1,0
1393,-1,0
1394,-2,0
1395,-3,0
1396,-4,0
1397,-4,0
1398,-5,0
1399,-6,0
1400,-7,0
1401,-7,0
1402,-8,0
1403,-9,0
1404,-10,0
1405,-10,0
1406,-11,0
1407,-12,0
1408,-13,0
1409,-13,0
1410,-14,0
1411,-15,0
1412,-16,0
1413,-16,0
1414,-17,0
1415,-18,0
1416,-19,0
1417,-19,0
1418,-20,0
1419,-21,0
1420,0,0
1421,0,0
1422,0,0
1423,0,0
1424,0,0
1425,0,0
1426,0,0
1427,0,0
1428,0,0
1429,0,0
1430,0,0
1431,4,0
1432,2,0
1433,1,0
1434,0,0
1435,0,0
1436,0,0
1437,-1,0
1438,-1,0
1439,-2,0
1440,-3,0
1441,-4,0
1442,-4,0
1443,-5,0
1444,-6,0
1445,-6,0
1446,-7,0
1447,-8,0
1448,-8,0
1449,-9,0
1450,-10,0
1451,-11,0
1452,-11,0
1453,-12,0
1454,-13,0
1455,-13,0
1456,-14,0
1457,-15,0
1458,-16,0
1459,-16,0
1460,-17,0
1461,-18,0
1462,-18,0
1463,168,0
1464,240,0
1465,14,0
1466,48,0
1467,7,0
1468,21,0
1469,8,0
1470,87,0
1471,184,0
1472,135,1
1473,39,0
1474,177,1
1475,360,66
1476,364,73
1477,369,81
1478,374,88
1479,378,95
1480,383,102
1481,387,110
1482,392,117
1483,397,124
1484,401,131
1485,406,139
1486,410,146
1487,415,153
1488,420,160
1489,424,168
1490,429,175
1491,434,182
1492,438,189
1493,443,197
1494,447,204
1495,452,211
1496,457,218
1497,461,226
1498,466,233
1499,471,240
1500,475,247
1501,480,255
1502,484,262
1503,489,269
1504,494,276
1505,498,284
1506,0,0
1507,0,0
1508,0,0
1509,0,0
1510,0,0
1511,2,0
1512,0,0
1513,15,0
1514,0,0
1515,0,0
1516,0,0
1517,11,0
1518,1,0
1519,-6,0
1520,-14,0
1521,-22,0
1522,-29,0
1523,-37,0
1524,-45,0
1525,-53,0
1526,-60,0
1527,-68,0
1528,-76,0
1529,-84,0
1530,-91,0
1531,-99,0
1532,-107,0
1533,-115,0
1534,-122,0
1535,-130,0
1536,-138,0
1537,-145,0
1538,-153,0
1539,-161,0
1540,-169,0
1541,-176,0
1542,-184,0
1543,-192,0
1544,-200,0
1545,-207,0
1546,-215,0
1547,-223,0
1548,-231,0
1549,0,0
1550,0,0
1551,0,0
1552,1,0
1553,0,0
1554,0,0
1555,1,0
1556,0,0
1557,10,0
1558,0,0
1559,19,0
1560,0,0
1561,13,0
1562,14,0
1563,15,0
1564,16,0
1565,17,0
1566,19,0
1567,20,0
1568,21,0
1569,22,0
1570,23,0
1571,24,0
1572,26,0
1573,27,0
1574,28,0
1575,29,0
1576,30,0
1577,31,0
1578,33,0
1579,34,0
1580,35,0
1581,36,0
1582,37,0
1583,38,0
1584,40,0
1585,41,0
1586,42,0
1587,43,0
1588,44,0
1589,45,0
1590,47,0
1591,48,0
1592,4,0
1593,0,0
1594,0,0
1595,0,0
1596,0,0
1597,0,0
1598,0,0
1599,0,0
1600,0,0
1601,0,0
1602,0,0
1603,0,0
1604,2,0
1605,2,0
1606,2,0
1607,1,0
1608,1,0
1609,1,0
1610,1,0
1611,1,0
1612,0,0
1613,0,0
1614,0,0
1615,0,0
1616,0,0
1617,0,0
1618,0,0
1619,0,0
1620,0,0
1621,0,0
1622,0,0
1623,-1,0
1624,-1,0
1625,-1,0
1626,-1,0
1627,-1,0
1628,-1,0
1629,-2,0
1630,-2,0
1631,-2,0
1632,-2,0
1633,-2,0
1634,-2,0
1635,599,0
1636,0,0
1637,0,0
1638,0,0
1639,0,0
1640,0,0
1641,0,0
1642,0,0
1643,0,0
1644,0,0
1645,0,0
1646,0,0
1647,282,78
1648,280,86
1649,278,95
1650,275,103
1651,273,111
1652,270,119
1653,268,128
1654,265,136
1655,263,144
1656,261,153
1657,258,161
1658,256,169
1659,253,177
1660,251,186
1661,248,194
1662,246,202
1663,244,211
1664,241,219
1665,239,227
1666,236,235
1667,234,244
1668,231,252
1669,229,260
1670,226,268
1671,224,277
1672,222,285
1673,219,293
1674,217,302
1675,214,310
1676,212,318
1677,209,326
1678,0,0
1679,0,0
1680,0,0
1681,0,0
1682,0,0
1683,8,0
1684,0,0
1685,0,0
1686,0,0
1687,0,0
1688,0,0
1689,0,0
1690,14,0
1691,16,0
1692,17,0
1693,18,0
1694,20,0
1695,21,0
1696,23,0
1697,24,0
1698,25,0
1699,27,0
1700,28,0
1701,30,0
1702,31,0
1703,32,0
1704,34,0
1705,35,0
1706,36,0
1707,38,0
1708,39,0
1709,41,0
1710,42,0
1711,43,0
1712,45,0
1713,46,0
1714,47,0
1715,49,0
1716,50,0
1717,52,0
1718,53,0
1719,54,0
1720,56,0
1721,0,0
1722,4,0
1723,0,0
1724,0,0
1725,0,0
1726,0,0
1727,0,0
1728,0,0
1729,2,0
1730,0,0
1731,8,0
1732,0,0
1733,9,0
1734,9,0
1735,10,0
1736,10,0
1737,11,0
1738,11,0
1739,12,0
1740,12,0
1741,13,0
1742,13,0
1743,14,0
1744,14,0
1745,15,0
1746,15,0
1747,16,0
1748,16,0
1749,17,0
1750,17,0
1751,18,0
1752,18,0
1753,19,0
1754,19,0
1755,20,0
1756,20,0
1757,21,0
1758,21,0
1759,22,0
1760,22,0
1761,23,0
1762,23,0
1763,24,0
1764,0,0
1765,0,0
1766,0,0
1767,1,0
1768,0,0
1769,0,0
1770,1,0
1771,0,0
1772,0,0
1773,0,0
1774,0,0
1775,0,0
1776,0,0
1777,-1,0
1778,-1,0
1779,-2,0
1780,-3,0
1781,-3,0
1782,-4,0
1783,-5,0
1784,-5,0
1785,-6,0
1786,-7,0
1787,-8,0
1788,-8,0
1789,-9,0
1790,-10,0
1791,-10,0
1792,-11,0
1793,-12,0
1794,-12,0
1795,-13,0
1796,-14,0
1797,-14,0
1798,-15,0
1799,-16,0
1800,-16,0
1801,-17,0
1802,-18,0
1803,-18,0
1804,-19,0
1805,-20,0
1806,-20,0
1807,0,0
1808,0,0
1809,0,0
1810,0,0
1811,0,0
1812,0,0
1813,0,0
1814,0,0
1815,0,0
1816,1,0
1817,0,0
1818,0,0
1819,256,109
1820,245,121
1821,233,132
1822,222,144
1823,210,156
1824,199,167
1825,187,179
1826,176,190
1827,164,202
1828,152,214
1829,141,225
1830,129,237
1831,118,248
1832,106,260
1833,95,272
1834,83,283
1835,72,295
1836,60,306
1837,49,318
1838,37,330
1839,26,341
1840,14,353
1841,3,364
1842,-8,376
1843,-19,388
1844,-31,399
1845,-42,411
1846,-54,422
1847,-65,434
1848,-77,446
1849,-88,457
1850,0,0
1851,1,0
1852,0,0
1853,0,0
1854,0,0
1855,0,0
1856,0,0
1857,0,0
1858,0,0
1859,0,0
1860,0,0
1861,0,0
1862,8,0
1863,8,0
1864,9,0
1865,9,0
1866,9,0
1867,9,0
1868,9,0
1869,9,0
1870,9,0
1871,10,0
1872,10,0
1873,10,0
1874,10,0
1875,10,0
1876,10,0
1877,10,0
1878,11,0
1879,11,0
1880,11,0
1881,11,0
1882,11,0
1883,11,0
1884,11,0
1885,12,0
1886,12,0
1887,12,0
1888,12,0
1889,12,0
1890,12,0
1891,12,0
1892,13,0
1893,0,0
1894,0,0
1895,0,0
1896,0,0
1897,0,0
1898,0,0
1899,0,0
1900,0,0
1901,0,0
1902,0,0
1903,0,0
1904,0,0
1905,8,1
1906,8,1
1907,8,1
1908,8,1
1909,9,1
1910,9,1
1911,9,1
1912,9,1
1913,9,1
1914,10,1
1915,10,1
1916,10,1
1917,10,1
1918,11,1
1919,11,1
1920,11,1
1921,11,1
1922,12,1
1923,12,1
1924,12,1
1925,12,1
1926,13,1
1927,13,1
1928,13,1
1929,13,1
1930,14,1
1931,14,1
1932,14,1
1933,14,1
1934,15,1
1935,15,1
1936,0,0
1937,0,0
1938,0,0
1939,408,0
1940,212,1
1941,337,2
1942,179,0
1943,55,0
1944,725,0
1945,127,0
1946,46,0
1947,72,1
1948,297,1
1949,314,1
1950,331,1
1951,348,1
1952,365,1
1953,381,1
1954,398,1
1955,415,1
1956,432,1
1957,449,1
1958,466,1
1959,483,1
1960,500,1
1961,517,1
1962,534,1
1963,551,1
1964,568,1
1965,585,1
1966,602,1
1967,619,1
1968,636,1
1969,653,1
1970,670,1
1971,687,1
1972,704,1
1973,721,1
1974,738,1
1975,755,1
1976,771,1
1977,788,1
1978,805,1
1979,0,0
1980,0,0
1981,0,0
1982,6,0
1983,0,0
1984,0,0
1985,0,0
1986,12,0
1987,0,0
1988,0,0
1989,0,0
1990,0,0
1991,-516,122
1992,-594,134
1993,-671,146
1994,-749,157
1995,-827,169
1996,-905,181
1997,-983,192
1998,-1061,204
1999,-1138,216
2000,-1216,227
2001,-1294,239
2002,-1372,251
2003,-1450,262
2004,-1527,274
2005,-1605,286
2006,-1683,298
2007,-1761,309
2008,-1839,321
2009,-1917,333
2010,-1994,344
2011,-2072,356
2012,-2150,368
2013,-2228,379
2014,-2306,391
2015,-2383,403
2016,-2461,414
2017,-2539,426
2018,-2617,438
2019,-2695,449
2020,-2773,461
2021,-2850,473
2022,0,0
2023,0,0
2024,2,1
2025,0,0
2026,0,0
2027,0,0
2028,0,0
2029,2,0
2030,0,0
2031,0,0
2032,0,0
2033,0,0
2034,1,1
2035,1,1
2036,0,1
2037,0,1
2038,-1,1
2039,-2,1
2040,-3,1
2041,-3,1
2042,-4,1
2043,-5,1
2044,-6,1
2045,-7,1
2046,-8,1
2047,-9,1
2048,-9,1
2049,-10,1
2050,-11,1
2051,-12,1
2052,-13,1
2053,-14,1
2054,-14,1
2055,-15,1
2056,-16,1
2057,-17,1
2058,-18,1
2059,-19,1
2060,-20,1
2061,-20,1
2062,-21,1
2063,-22,1
2064,-23,1
2065,0,0
2066,0,0
2067,0,0
2068,0,0
2069,0,0
2070,0,0
2071,0,0
2072,0,0
2073,0,0
2074,0,0
2075,0,0
2076,0,0
2077,7,0
2078,7,0
2079,7,0
2080,7,0
2081,7,0
2082,8,0
2083,8,0
2084,8,0
2085,8,0
2086,8,0
2087,8,0
2088,8,0
2089,8,0
2090,8,0
2091,8,0
2092,8,0
2093,8,0
2094,8,0
2095,8,0
2096,8,0
2097,8,0
2098,8,0
2099,8,0
2100,8,0
2101,8,0
2102,8,0
2103,8,0
2104,8,0
2105,8,0
2106,8,0
2107,8,0
2108,16678,479
2109,593,0
2110,35,0
2111,308,0
2112,476,0
2113,42,0
2114,81,0
2115,10,0
2116,34,0
2117,15,0
2118,142,0
2119,275,0
2120,1230,280
2121,1261,319
2122,1292,359
2123,1323,399
2124,1355,439
2125,1386,479
2126,1417,519
2127,1448,558
2128,1479,598
2129,1510,638
2130,1542,678
2131,1573,718
2132,1604,758
2133,1635,797
2134,1666,837
2135,1697,877
2136,1728,917
2137,1760,957
2138,1791,996
2139,1822,1036
2140,1853,1076
2141,1884,1116
2142,1915,1156
2143,1947,1196
2144,1978,1235
2145,2009,1275
2146,2040,1315
2147,2071,1355
2148,2102,1395
2149,2134,1434
2150,2165,1474
2151,0,0
2152,0,0
2153,3,0
2154,0,0
2155,0,0
2156,0,0
2157,0,0
2158,0,0
2159,2,0
2160,0,0
2161,22,0
2162,0,0
2163,13,1
2164,1,1
2165,-11,1
2166,-23,1
2167,-36,1
2168,-48,1
2169,-61,1
2170,-73,1
2171,-86,1
2172,-98,1
2173,-111,1
2174,-123,1
2175,-136,1
2176,-148,1
2177,-161,1
2178,-173,1
2179,-186,1
2180,-198,1
2181,-210,1
2182,-223,1
2183,-235,1
2184,-248,1
2185,-260,1
2186,-273,1
2187,-285,1
2188,-298,1
2189,-310,1
2190,-323,1
2191,-335,1
2192,-348,1
2193,-360,1
2194,24,0
2195,0,0
2196,0,0
2197,0,0
2198,0,0
2199,1,0
2200,1,0
2201,0,0
2202,0,0
2203,1,0
2204,0,0
2205,11,0
2206,3,1
2207,2,1
2208,2,1
2209,1,1
2210,1,1
2211,0,1
2212,0,1
2213,0,1
2214,0,1
2215,-1,1
2216,-2,1
2217,-2,1
2218,-3,1
2219,-3,1
2220,-4,1
2221,-4,1
2222,-5,1
2223,-5,1
2224,-6,1
2225,-6,1
2226,-7,1
2227,-7,1
2228,-8,1
2229,-9,1
2230,-9,1
2231,-10,1
2232,-10,1
2233,-11,1
2234,-11,1
2235,-12,1
2236,-12,1
2237,3,0
2238,2,0
2239,0,0
2240,4,0
2241,0,0
2242,0,0
2243,0,0
2244,0,0
2245,0,0
2246,0,0
2247,0,0
2248,0,0
2249,-2,0
2250,-4,0
2251,-5,0
2252,-7,0
2253,-9,0
2254,-10,0
2255,-12,0
2256,-14,0
2257,-15,0
2258,-17,0
2259,-19,0
2260,-20,0
2261,-22,0
2262,-23,0
2263,-25,0
2264,-27,0
2265,-28,0
2266,-30,0
2267,-32,0
2268,-33,0
2269,-35,0
2270,-36,0
2271,-38,0
2272,-40,0
2273,-41,0
2274,-43,0
2275,-45,0
2276,-46,0
2277,-48,0
2278,-50,0
2279,-51,0
2280,1,0
2281,32,0
2282,128,0
2283,895,0
2284,0,0
2285,0,0
2286,0,0
2287,0,0
2288,0,0
2289,0,0
2290,0,0
2291,0,0
2292,662,118
2293,658,128
2294,654,137
2295,650,147
2296,646,156
2297,642,166
2298,638,175
2299,634,185
2300,630,194
2301,626,204
2302,622,214
2303,618,223
2304,614,233
2305,610,242
2306,606,252
2307,602,261
2308,598,271
2309,594,280
2310,591,290
2311,587,299
2312,583,309
2313,579,319
2314,575,328
2315,571,338
2316,567,347
2317,563,357
2318,559,366
2319,555,376
2320,551,385
2321,547,395
2322,543,405
2323,0,0
2324,0,0
2325,0,0
2326,0,0
2327,0,0
2328,0,0
2329,0,0
2330,0,0
2331,12,0
2332,0,0
2333,0,0
2334,0,0
2335,20,0
2336,22,0
2337,24,0
2338,26,0
2339,28,0
2340,31,0
2341,33,0
2342,35,0
2343,37,0
2344,39,0
2345,41,0
2346,43,0
2347,45,0
2348,47,0
2349,49,0
2350,51,0
2351,53,0
2352,55,0
2353,57,0
2354,59,0
2355,61,0
2356,63,0
2357,65,0
2358,67,0
2359,69,0
2360,71,0
2361,73,0
2362,75,0
2363,77,0
2364,79,0
2365,81,0
2366,0,0
2367,0,0
2368,0,0
2369,0,0
2370,5,0
2371,0,0
2372,0,0
2373,0,0
2374,0,0
2375,0,0
2376,0,0
2377,2,0
2378,10,1
2379,10,1
2380,11,1
2381,11,1
2382,12,1
2383,12,1
2384,13,1
2385,13,1
2386,14,1
2387,14,1
2388,15,1
2389,15,1
2390,16,1
2391,16,1
2392,17,1
2393,17,1
2394,18,1
2395,18,1
2396,18,1
2397,19,1
2398,19,1
2399,20,1
2400,20,1
2401,21,1
2402,21,1
2403,22,1
2404,22,1
2405,23,1
2406,23,1
2407,24,1
2408,24,1
2409,0,0
2410,0,0
2411,0,0
2412,0,0
2413,0,0
2414,0,0
2415,1,0
2416,0,0
2417,0,0
2418,2,0
2419,0,0
2420,0,0
2421,-2,0
2422,-3,0
2423,-4,0
2424,-5,0
2425,-6,0
2426,-7,0
2427,-8,0
2428,-9,0
2429,-10,0
2430,-11,0
2431,-12,0
2432,-13,0
2433,-14,0
2434,-15,0
2435,-16,0
2436,-17,0
2437,-18,0
2438,-20,0
2439,-21,0
2440,-22,0
2441,-23,0
2442,-24,0
2443,-25,0
2444,-26,0
2445,-27,0
2446,-28,0
2447,-29,0
2448,-30,0
2449,-31,0
2450,-32,0
2451,-33,0
2452,0,0
2453,0,0
2454,0,0
2455,0,0
2456,0,0
2457,0,0
2458,0,0
2459,0,0
2460,0,0
2461,0,0
2462,0,0
2463,0,0
2464,531,133
2465,511,144
2466,491,154
2467,471,165
2468,451,176
2469,431,187
2470,411,197
2471,391,208
2472,371,219
2473,351,230
2474,331,240
2475,311,251
2476,291,262
2477,272,273
2478,252,283
2479,232,294
2480,212,305
2481,192,316
2482,172,326
2483,152,337
2484,132,348
2485,112,359
2486,92,369
2487,72,380
2488,52,391
2489,32,402
2490,13,412
2491,-6,423
2492,-26,434
2493,-46,445
2494,-66,455
2495,0,0
2496,0,0
2497,0,0
2498,0,0
2499,1,0
2500,0,0
2501,0,0
2502,0,0
2503,0,0
2504,0,0
2505,0,0
2506,0,0
2507,15,0
2508,15,0
2509,16,0
2510,17,0
2511,18,0
2512,19,0
2513,20,0
2514,21,0
2515,22,0
2516,23,0
2517,24,0
2518,25,0
2519,26,0
2520,27,0
2521,28,0
2522,29,0
2523,30,0
2524,31,0
2525,32,0
2526,33,0
2527,34,0
2528,35,0
2529,36,0
2530,37,0
2531,38,0
2532,39,0
2533,40,0
2534,41,0
2535,42,0
2536,43,0
2537,44,0
2538,10,0
2539,0,0
2540,0,0
2541,0,0
2542,0,0
2543,0,0
2544,0,0
2545,0,0
2546,0,0
2547,0,0
2548,0,0
2549,0,0
2550,11,1
2551,11,1
2552,11,1
2553,12,1
2554,12,1
2555,12,1
2556,13,1
2557,13,1
2558,13,1
2559,14,1
2560,14,1
2561,14,1
2562,15,1
2563,15,1
2564,15,1
2565,16,1
2566,16,1
2567,16,1
2568,17,1
2569,17,1
2570,17,1
2571,18,1
2572,18,1
2573,18,1
2574,19,1
2575,19,1
2576,19,1
2577,20,1
2578,20,1
2579,20,1
2580,20,1
2581,0,0
2582,0,0
2583,0,0
2584,0,0
2585,0,0
2586,0,0
2587,665,0
2588,297,1
2589,426,2
2590,224,0
2591,67,0
2592,1034,1
2593,615,1
2594,665,1
2595,714,1
2596,764,1
2597,813,1
2598,862,1
2599,912,1
2600,961,1
2601,1011,1
2602,1060,1
2603,1110,1
2604,1159,1
2605,1209,1
2606,1258,1
2607,1307,1
2608,1357,1
2609,1406,1
2610,1456,1
2611,1505,1
2612,1555,1
2613,1604,1
2614,1653,1
2615,1703,1
2616,1752,1
2617,1802,1
2618,1851,1
2619,1901,1
2620,1950,1
2621,2000,1
2622,2049,1
2623,2098,1
2624,0,0
2625,0,0
2626,0,0
2627,0,0
2628,0,0
2629,0,0
2630,6,0
2631,0,0
2632,0,0
2633,0,0
2634,13,0
2635,0,0
2636,-427,108
2637,-512,114
2638,-597,121
2639,-682,127
2640,-766,133
2641,-851,139
2642,-936,146
2643,-1021,152
2644,-1106,158
2645,-1191,164
2646,-1276,171
2647,-1361,177
2648,-1446,183
2649,-1530,190
2650,-1615,196
2651,-1700,202
2652,-1785,208
2653,-1870,215
2654,-1955,221
2655,-2040,227
2656,-2125,233
2657,-2209,240
2658,-2294,246
2659,-2379,252
2660,-2464,258
2661,-2549,265
2662,-2634,271
2663,-2719,277
2664,-2804,283
2665,-2888,290
2666,-2973,296
2667,0,0
2668,0,0
2669,0,0
2670,0,0
2671,0,0
2672,3,1
2673,0,0
2674,0,0
2675,0,0
2676,0,0
2677,2,0
2678,0,0
2679,3,1
2680,2,1
2681,0,1
2682,0,1
2683,-1,1
2684,-2,1
2685,-3,1
2686,-4,1
2687,-5,1
2688,-6,1
2689,-7,1
2690,-8,1
2691,-9,1
2692,-10,1
2693,-12,1
2694,-13,1
2695,-14,1
2696,-15,1
2697,-16,1
2698,-17,1
2699,-18,1
2700,-19,1
2701,-20,1
2702,-21,1
2703,-22,1
2704,-23,1
2705,-25,1
2706,-26,1
2707,-27,1
2708,-28,1
2709,-29,1
2710,0,0
2711,0,0
2712,0,0
2713,0,0
2714,0,0
2715,0,0
2716,0,0
2717,0,0
2718,0,0
2719,0,0
2720,0,0
2721,0,0
2722,7,0
2723,6,0
2724,6,0
2725,5,0
2726,5,0
2727,4,0
2728,4,0
2729,3,0
2730,3,0
2731,2,0
2732,2,0
2733,1,0
2734,1,0
2735,0,0
2736,0,0
2737,0,0
2738,0,0
2739,0,0
2740,-1,0
2741,-1,0
2742,-2,0
2743,-2,0
2744,-3,0
2745,-3,0
2746,-4,0
2747,-4,0
2748,-5,0
2749,-5,0
2750,-6,0
2751,-6,0
2752,-7,0
2753,295,5
2754,981,4
2755,26,1
2756,27100,780
2757,803,1
2758,52,0
2759,439,0
2760,698,0
2761,69,1
2762,105,0
2763,10,0
2764,45,0
2765,2546,198
2766,2631,215
2767,2716,232
2768,2802,249
2769,2887,267
2770,2972,284
2771,3058,301
2772,3143,318
2773,3228,335
2774,3314,352
2775,3399,369
2776,3485,386
2777,3570,403
2778,3655,420
2779,3741,438
2780,3826,455
2781,3911,472
2782,3997,489
2783,4082,506
2784,4167,523
2785,4253,540
2786,4338,557
2787,4424,574
2788,4509,592
2789,4594,609
2790,4680,626
2791,4765,643
2792,4850,660
2793,4936,677
2794,5021,694
2795,5106,711
2796,0,0
2797,0,0
2798,0,0
2799,0,0
2800,0,0
2801,3,0
2802,0,0
2803,0,0
2804,0,0
2805,0,0
2806,0,0
2807,3,0
2808,52,1
2809,41,1
2810,30,1
2811,19,1
2812,8,1
2813,-2,1
2814,-14,1
2815,-25,1
2816,-36,1
2817,-47,1
2818,-58,1
2819,-70,1
2820,-81,1
2821,-92,1
2822,-103,1
2823,-114,1
2824,-126,1
2825,-137,1
2826,-148,1
2827,-159,1
2828,-170,1
2829,-181,1
2830,-193,1
2831,-204,1
2832,-215,1
2833,-226,1
2834,-237,1
2835,-249,1
2836,-260,1
2837,-271,1
2838,-282,1
2839,0,0
2840,0,0
2841,0,0
2842,33,0
2843,0,0
2844,0,0
2845,0,0
2846,0,0
2847,1,0
2848,1,0
2849,0,0
2850,0,0
2851,-1,1
2852,-3,1
2853,-5,1
2854,-7,1
2855,-9,1
2856,-12,1
2857,-14,1
2858,-16,1
2859,-18,1
2860,-20,1
2861,-22,1
2862,-25,1
2863,-27,1
2864,-29,1
2865,-31,1
2866,-33,1
2867,-35,1
2868,-38,1
2869,-40,1
2870,-42,1
2871,-44,1
2872,-46,1
2873,-48,1
2874,-51,1
2875,-53,1
2876,-55,1
2877,-57,1
2878,-59,1
2879,-61,1
2880,-64,1
2881,-66,1
2882,0,0
2883,4,0
2884,0,0
2885,5,0
2886,2,0
2887,0,0
2888,4,0
2889,0,0
2890,0,0
2891,0,0
2892,0,0
2893,0,0
2894,1,0
2895,0,0
2896,0,0
2897,-2,0
2898,-3,0
2899,-4,0
2900,-5,0
2901,-6,0
2902,-7,0
2903,-8,0
2904,-9,0
2905,-10,0
2906,-12,0
2907,-13,0
2908,-14,0
2909,-15,0
2910,-16,0
2911,-17,0
2912,-18,0
2913,-19,0
2914,-20,0
2915,-22,0
2916,-23,0
2917,-24,0
2918,-25,0
2919,-26,0
2920,-27,0
2921,-28,0
2922,-29,0
2923,-30,0
2924,-32,0
2925,119,0
2926,386,1
2927,91,1
2928,1,0
2929,45,0
2930,141,0
2931,1075,0
2932,0,0
2933,0,0
2934,0,0
2935,0,0
2936,0,0
2937,941,97
2938,935,102
2939,928,106
2940,921,111
2941,914,115
2942,908,120
2943,901,124
2944,894,129
2945,887,133
2946,881,138
2947,874,143
2948,867,147
2949,860,152
2950,854,156
2951,847,161
2952,840,165
2953,834,170
2954,827,174
2955,820,179
2956,813,183
2957,807,188
2958,800,192
2959,793,197
2960,786,202
2961,780,206
2962,773,211
2963,766,215
2964,759,220
2965,753,224
2966,746,229
2967,739,233
2968,0,0
2969,25,0
2970,0,0
2971,0,0
2972,0,0
2973,0,0
2974,0,0
2975,0,0
2976,0,0
2977,0,0
2978,0,0
2979,16,0
2980,8,0
2981,6,0
2982,4,0
2983,2,0
2984,1,0
2985,0,0
2986,-2,0
2987,-3,0
2988,-5,0
2989,-7,0
2990,-8,0
2991,-10,0
2992,-12,0
2993,-13,0
2994,-15,0
2995,-17,0
2996,-18,0
2997,-20,0
2998,-22,0
2999,-23,0
3000,-25,0
3001,-27,0
3002,-29,0
3003,-30,0
3004,-32,0
3005,-34,0
3006,-35,0
3007,-37,0
3008,-39,0
3009,-40,0
3010,-42,0
3011,32,0
3012,0,0
3013,0,0
3014,0,0
3015,0,0
3016,0,0
3017,0,0
3018,7,0
3019,0,0
3020,0,0
3021,0,0
3022,0,0
3023,19,1
3024,20,1
3025,21,1
3026,23,1
3027,24,1
3028,25,1
3029,27,1
3030,28,1
3031,29,1
3032,31,1
3033,32,1
3034,33,1
3035,35,1
3036,36,1
3037,37,1
3038,39,1
3039,40,1
3040,41,1
3041,43,1
3042,44,1
3043,45,1
3044,47,1
3045,48,1
3046,49,1
3047,51,1
3048,52,1
3049,53,1
3050,55,1
3051,56,1
3052,57,1
3053,59,1
3054,0,0
3055,0,0
3056,0,0
3057,0,0
3058,0,0
3059,0,0
3060,0,0
3061,0,0
3062,0,0
3063,1,0
3064,0,0
3065,0,0
3066,0,0
3067,-1,0
3068,-2,0
3069,-3,0
3070,-4,0
3071,-5,0
3072,-6,0
3073,-7,0
3074,-8,0
3075,-9,0
3076,-10,0
3077,-11,0
3078,-12,0
3079,-13,0
3080,-14,0
3081,-15,0
3082,-16,0
3083,-17,0
3084,-18,0
3085,-19,0
3086,-20,0
3087,-21,0
3088,-22,0
3089,-23,0
3090,-24,0
3091,-25,0
3092,-26,0
3093,-27,0
3094,-27,0
3095,-28,0
3096,-29,0
3097,0,0
3098,0,0
3099,0,0
3100,0,0
3101,0,0
3102,0,0
3103,0,0
3104,0,0
3105,0,0
3106,0,0
3107,0,0
3108,0,0
3109,717,91
3110,693,95
3111,669,98
3112,645,102
3113,621,106
3114,598,109
3115,574,113
3116,550,116
3117,526,120
3118,503,124
3119,479,127
3120,455,131
3121,431,134
3122,408,138
3123,384,142
3124,360,145
3125,336,149
3126,313,152
3127,289,156
3128,265,159
3129,241,163
3130,218,167
3131,194,170
3132,170,174
3133,146,177
3134,122,181
3135,99,185
3136,75,188
3137,51,192
3138,27,195
3139,4,199
3140,0,0
3141,0,0
3142,0,0
3143,0,0
3144,0,0
3145,0,0
3146,0,0
3147,1,0
3148,0,0
3149,0,0
3150,0,0
3151,0,0
3152,18,0
3153,19,0
3154,20,0
3155,22,0
3156,23,0
3157,24,0
3158,25,0
3159,26,0
3160,27,0
3161,29,0
3162,30,0
3163,31,0
3164,32,0
3165,33,0
3166,34,0
3167,36,0
3168,37,0
3169,38,0
3170,39,0
3171,40,0
3172,41,0
3173,43,0
3174,44,0
3175,45,0
3176,46,0
3177,47,0
3178,48,0
3179,50,0
3180,51,0
3181,52,0
3182,53,0
3183,11,0
3184,0,0
3185,0,0
3186,14,0
3187,0,0
3188,0,0
3189,0,0
3190,0,0
3191,0,0
3192,0,0
3193,0,0
3194,0,0
3195,14,1
3196,14,1
3197,14,1
3198,15,1
3199,15,1
3200,15,1
3201,16,1
3202,16,1
3203,16,1
3204,16,1
3205,17,1
3206,17,1
3207,17,1
3208,18,1
3209,18,1
3210,18,1
3211,18,1
3212,19,1
3213,19,1
3214,19,1
3215,20,1
3216,20,1
3217,20,1
3218,20,1
3219,21,1
3220,21,1
3221,21,1
3222,22,1
3223,22,1
3224,22,1
3225,22,1
3226,0,0
3227,0,0
3228,3,0
3229,0,0
3230,0,0
3231,0,0
3232,0,0
3233,0,0
3234,0,0
3235,860,4
3236,342,3
3237,505,3
3238,566,1
3239,624,1
3240,683,0
3241,741,0
3242,800,0
3243,858,0
3244,917,-1
3245,975,-1
3246,1033,-2
3247,1092,-2
3248,1150,-3
3249,1209,-3
3250,1267,-4
3251,1326,-4
3252,1384,-5
3253,1442,-5
3254,1501,-6
3255,1559,-6
3256,1618,-7
3257,1676,-7
3258,1735,-8
3259,1793,-8
3260,1852,-9
3261,1910,-9
3262,1968,-10
3263,2027,-10
3264,2085,-11
3265,2144,-11
3266,2202,-12
3267,2261,-12
3268,2319,-13
3269,0,0
3270,0,0
3271,0,0
3272,0,0
3273,0,0
3274,0,0
3275,0,0
3276,0,0
3277,0,0
3278,11,0
3279,0,0
3280,0,0
3281,-34,90
3282,-108,92
3283,-182,95
3284,-256,97
3285,-330,100
3286,-404,102
3287,-478,105
3288,-552,107
3289,-626,110
3290,-700,113
3291,-774,115
3292,-848,118
3293,-922,120
3294,-996,123
3295,-1070,125
3296,-1144,128
3297,-1218,130
3298,-1292,133
3299,-1366,135
3300,-1440,138
3301,-1515,141
3302,-1589,143
3303,-1663,146
3304,-1737,148
3305,-1811,151
3306,-1885,153
3307,-1959,156
3308,-2033,158
3309,-2107,161
3310,-2181,163
3311,-2255,166
3312,0,0
3313,0,0
3314,0,0
3315,0,0
3316,0,0
3317,0,0
3318,0,0
3319,0,0
3320,3,1
3321,0,0
3322,0,0
3323,0,0
3324,8,1
3325,8,1
3326,7,1
3327,6,1
3328,6,1
3329,5,1
3330,4,1
3331,4,1
3332,3,1
3333,2,1
3334,2,1
3335,1,1
3336,0,1
3337,0,1
3338,0,1
3339,0,1
3340,-1,1
3341,-2,1
3342,-2,1
3343,-3,1
3344,-4,1
3345,-4,1
3346,-5,1
3347,-6,1
3348,-6,1
3349,-7,1
3350,-8,1
3351,-8,1
3352,-9,1
3353,-9,1
3354,-10,1
3355,0,0
3356,0,0
3357,0,0
3358,0,0
3359,0,0
3360,0,0
3361,0,0
3362,0,0
3363,0,0
3364,0,0
3365,0,0
3366,0,0
3367,12,0
3368,12,0
3369,12,0
3370,12,0
3371,12,0
3372,12,0
3373,12,0
3374,11,0
3375,11,0
3376,11,0
3377,11,0
3378,11,0
3379,11,0
3380,11,0
3381,11,0
3382,11,0
3383,11,0
3384,10,0
3385,10,0
3386,10,0
3387,10,0
3388,10,0
3389,10,0
3390,10,0
3391,10,0
3392,10,0
3393,10,0
3394,9,0
3395,9,0
3396,9,0
3397,9,0
3398,133,1
3399,157,4
3400,251,2
3401,378,8
3402,1135,8
3403,50,1
3404,34874,1068
3405,946,2
3406,60,0
3407,543,0
3408,844,1
3409,83,1
3410,4414,203
3411,4602,217
3412,4790,231
3413,4978,245
3414,5166,259
3415,5354,273
3416,5542,287
3417,5731,301
3418,5919,315
3419,6107,329
3420,6295,343
3421,6483,357
3422,6671,371
3423,6859,385
3424,7047,399
3425,7235,414
3426,7423,428
3427,7611,442
3428,7799,456
3429,7987,470
3430,8175,484
3431,8363,498
3432,8551,512
3433,8739,526
3434,8927,540
3435,9115,554
3436,9303,568
3437,9492,582
3438,9680,596
3439,9868,610
3440,10056,625
3441,0,0
3442,0,0
3443,0,0
3444,0,0
3445,0,0
3446,0,0
3447,0,0
3448,0,0
3449,3,0
3450,0,0
3451,0,0
3452,0,0
3453,179,1
3454,178,1
3455,178,2
3456,178,2
3457,178,2
3458,177,2
3459,177,2
3460,177,2
3461,176,2
3462,176,2
3463,176,2
3464,176,2
3465,175,3
3466,175,3
3467,175,3
3468,175,3
3469,174,3
3470,174,3
3471,174,3
3472,174,3
3473,173,3
3474,173,3
3475,173,4
3476,172,4
3477,172,4
3478,172,4
3479,172,4
3480,171,4
3481,171,4
3482,171,4
3483,171,4
